021.001.092,AAS - ÁCIDO ACETIL SALICILICO 100MG,,CP,"1.690,","66,78","500,","19,55","870,","34,18","1.320,","0,04","52,16"
305.001.003,ACETILCISTEINA 600 MG - FLUIMUCIL,,EV,"0,","0,00","0,","0,00","0,","0,00","0,","1,53","0,00"
301.002.001,ACICLOVIR 200 MG CPR,,CP,"290,","62,44","90,","18,10","370,","78,39","10,","0,22","2,15"
301.002.002,ACICLOVIR 5 % CREME 10 G,,TB,"12,","24,84","0,","0,00","9,","18,63","3,","2,07","6,21"
304.002.001,ACIDO FOLICO 5MG,,CP,"720,","37,71","0,","0,00","320,","16,76","400,","0,05","20,95"
304.004.001,ACIDO TRANEXÂMICO 250MG - TRANSAMIN,,CP,"174,","210,78","0,","0,00","30,","36,34","144,","1,21","174,44"
303.006.008,ACIDO TRANEXAMICO 50 MG/ML -AMP (TRANSAMIN),,AMP,"0,","0,00","0,","0,00","0,","0,00","0,","0,00","0,00"
302.001.001,ACIDO VALPROICO 250 MG,,CP,"1.550,","649,98","250,","92,83","1.270,","520,69","530,","0,42","222,12"
013.001.003,ACIDO VALPROICO 500MG,,CP,"0,","0,00","0,","0,00","0,","0,00","0,","0,48","0,00"
303.002.001,ADENOSINA 3MG/2ML - AMP,,AMP,"35,","406,80","0,","0,00","0,","0,00","35,","11,62","406,80"
300.001.002,ADESIVO NICOTINA 14 MG,,,"2.429,","7.874,17","0,","0,00","0,","0,00","2.429,","3,24","7.874,17"
300.001.004,ADESIVO NICOTINA 21 MG,,,"2.527,","6.671,10","0,","0,00","0,","0,00","2.527,","2,64","6.671,10"
300.001.003,ADESIVO NICOTINA 7 MG,,,"2.051,","1.596,91","0,","0,00","0,","0,00","2.051,","0,78","1.596,91"
003.000.008,AGULHA PARA CANETA DE INSULINA 4MM,,,"880,","133,93","500,","72,75","510,","74,36","870,","0,15","132,32"
321.001.392,AGULHA PARA CANETA DE INSULINA 6MM,,UN,"0,","0,00","0,","0,00","0,","0,00","0,","0,00","0,00"
203.001.001,ALBENDAZOL 40 MG/ML FRASCO 10 ML,,FR,"23,","33,22","0,","0,00","5,","7,22","18,","1,44","26,00"
301.003.001,ALBENDAZOL 400 MG,,CP,"53,","26,36","0,","0,00","7,","3,48","46,","0,50","22,88"
311.001.026,ALBUMINA 400 G,,,"0,","0,00","0,","0,00","0,","0,00","0,","78,00","0,00"
309.002.001,ALOPURINOL  300MG,,CP,"1.010,","311,48","30,","8,71","180,","55,00","860,","0,31","265,19"
309.002.002,ALOPURINOL 100MG,,CP,"330,","49,03","0,","0,00","60,","8,91","270,","0,15","40,11"
305.001.004,AMBROXOL XAROPE ADULTO,,FR,"94,","392,92","41,","163,06","24,","92,34","111,","4,18","463,65"
305.001.005,AMBROXOL XAROPE INFANTIL,,FR,"43,","155,46","0,","0,00","2,","7,23","41,","3,62","148,23"
305.002.001,AMINOFILINA 100 MG,,CP,"260,","16,78","0,","0,00","0,","0,00","260,","0,06","16,78"
305.002.002,AMINOFILINA 24 MG/ML,,AMP,"20,","78,60","0,","0,00","0,","0,00","20,","3,93","78,60"
303.002.003,AMIODARONA 50MG/ML - AMP,,AMP,"31,","78,78","0,","0,00","0,","0,00","31,","2,54","78,78"
303.002.002,"AMIODARONA, CLORIDRATO  200 MG",,CP,"650,","252,46","80,","31,22","180,","70,05","550,","0,39","213,63"
302.002.001,"AMITRIPTILINA, CLORIDRATO  25 MG",,CP,"2.390,","121,32","400,","19,00","800,","39,34","1.990,","0,05","100,98"
022.001.007,AMOXICILINA + CLAVULANATO 500/125 MCG,,CP,"261,","965,78","439,","1.350,18","344,","1.007,70","356,","3,67","1.308,27"
301.001.004,AMOXICILINA + CLAVULANATO SUSP 250 MG/5 ML,,FR,"23,","719,47","0,","0,00","13,","406,65","10,","31,28","312,81"
301.001.001,AMOXICILINA 250 MG/5ML - 150 ML,,FR,"42,","506,12","0,","0,00","1,","12,05","41,","12,05","494,07"
301.001.003,AMOXICILINA 500 MG - CAPSULA,,CAP,"1.197,","261,25","0,","0,00","378,","82,50","819,","0,22","178,75"
315.001.001,ANESTESICO COLIRIO,,FR,"0,","0,00","0,","0,00","0,","0,00","0,","0,00","0,00"
303.007.003,"ANLODIPINO, BESILATO 5MG",,CP,"1.405,","44,53","1.000,","31,30","390,","11,98","2.015,","0,03","63,85"
228.001.011,ARIPIPRAZOL 20MG/ML SUSP GTS,,FR,"2,","767,14","0,","0,00","0,","0,00","2,","383,57","767,14"
001.001.008,"ATROPINA, SULFATO 0,50MG/ML",,AMP,"20,","108,36","0,","0,00","0,","0,00","20,","5,42","108,36"
002.000.040,AZITROMICINA 500 MG,,CP,"1.097,","966,38","0,","0,00","95,","83,69","1.002,","0,88","882,70"
022.001.005,AZITROMICINA SUSP. 200MG/5ML,,FR,"88,","760,71","4,","30,75","7,","56,92","85,","8,64","734,54"
002.000.041,BENZILPENICILINA 1.200.000 UI - PÓ P/ SUSP. INJ,,FR,"0,","0,00","0,","0,00","0,","0,00","0,","7,19","0,00"
002.000.107,"BICARBONATO SODIO 8,4% - 10 ML",,AMP,"0,","0,00","0,","0,00","0,","0,00","0,","0,67","0,00"
005.000.008,"BIPERIDENO, CLORIDRATO 2 MG",,CP,"594,","144,07","0,","0,00","210,","50,93","384,","0,24","93,14"
306.001.001,BISACODIL 5MG - DULCOLAX,,CP,"106,","13,67","0,","0,00","14,","1,81","92,","0,13","11,86"
008.001.004,BISSULFATO DE CLOPIDOGREL 75 MG,,CP,"0,","0,00","0,","0,00","0,","0,00","0,","0,36","0,00"
021.001.099,BOLSA DE OSTOMIA DRENAVEL SOFT CONVEXA,,UN,"0,","0,00","0,","0,00","0,","0,00","0,","55,12","0,00"
002.000.075,BROMOPRIDA 10MG CPR,,CP,"1.289,","267,39","0,","0,00","190,","39,41","1.099,","0,21","227,97"
002.000.051,BROMOPRIDA GTS,,FR,"35,","71,79","0,","0,00","2,","4,10","33,","2,05","67,69"
228.001.012,BUPROPIONA 150 MG - ASSISTENCIAL,,CP,"90,","81,72","0,","0,00","30,","27,24","60,","0,91","54,48"
005.000.063,BUPROPIONA 150 MG - TABAGISMO,,CP,"6.460,","1.351,12","0,","0,00","180,","37,65","6.280,","0,21","1.313,47"
002.000.052,BUSCOPAM COMPOSTO CPR,,CP,"1.588,","482,21","500,","129,65","520,","136,69","1.568,","0,30","475,17"
002.000.081,BUSCOPAM COMPOSTO INJETAVEL,,AMP,"0,","0,00","0,","0,00","0,","0,00","0,","1,90","0,00"
009.000.007,BUSCOPAM SIMPLES CP,,CP,"310,","501,40","0,","0,00","85,","137,48","225,","1,62","363,92"
014.001.001,BUSCOPAM SIMPLES GOTAS,,FR,"11,","68,25","10,","61,33","1,","5,57","20,","6,20","124,01"
001.000.002,CAPTOPRIL 25 MG,,CP,"300,","7,67","0,","0,00","0,","0,00","300,","0,03","7,67"
005.000.010,CARBAMAZEPINA 200 MG,,CP,"1.770,","309,35","500,","88,25","580,","102,20","1.690,","0,17","295,40"
005.000.066,CARBAMAZEPINA SUSP. 100 ML- 20 MG/ML,,FR,"11,","93,62","0,","0,00","0,","0,00","11,","8,51","93,62"
002.000.068,CARBONATO DE CALCIO 1.250MG,,CP,"250,","15,07","0,","0,00","0,","0,00","250,","0,06","15,07"
230.001.019,CARBONATO DE CALCIO 1.250MG + VITAMINA D 400UI,,CP,"160,","128,00","150,","120,00","90,","72,00","220,","0,80","176,00"
005.000.024,CARBONATO DE LITIO 300 MG,,CP,"840,","156,73","0,","0,00","330,","61,57","510,","0,19","95,16"
021.001.097,CARVAO ATIVADO EM PO,,UN,"5,","0,00","0,","0,00","0,","0,00","5,","0,00","0,00"
021.001.024,"CARVEDILOL 12,5 MG",,CP,"300,","36,44","120,","13,48","120,","13,53","300,","0,12","36,39"
303.007.002,CARVEDILOL 25 MG,,CP,"300,","50,51","150,","23,87","120,","18,85","330,","0,17","55,52"
303.002.004,"CARVEDILOL 6,25 MG",,CP,"210,","38,33","300,","40,20","120,","8,04","390,","0,18","70,49"
002.000.010,CEFALEXINA 500 MG,,CAP,"982,","552,64","200,","111,56","500,","280,42","682,","0,56","383,78"
002.000.011,CEFALEXINA SUSPENSÃO 250 MG/ 5 ML,,FR,"24,","326,29","0,","0,00","10,","135,96","14,","13,60","190,34"
022.001.012,CEFTRIAXONA 1 G - PÓ P/ SOL. INJ EV,,FR,"234,","823,33","0,","0,00","144,","506,66","90,","3,52","316,66"
002.000.138,CEFTRIAXONA 1 G - PÓ P/ SOL. INJ IM,,AMP,"30,","327,49","0,","0,00","16,","174,66","14,","10,92","152,83"
002.000.137,CEFTRIAXONA 500 MG INJ -IM,,AMP,"27,","305,20","0,","0,00","1,","11,30","26,","11,30","293,90"
021.004.006,CERUMIN GOTAS,,FR,"5,","64,99","0,","0,00","0,","0,00","5,","13,00","64,99"
021.001.096,CETAPHIL LOCAO HIDRATANTE,,UN,"0,","0,00","0,","0,00","0,","0,00","0,","85,32","0,00"
002.000.134,CETOCONAZOL + BETAMETASONA POMADA 30 GR,,TB,"18,","121,43","0,","0,00","7,","47,22","11,","6,75","74,21"
301.004.002,CETOCONAZOL 200 MG,,CP,"340,","762,08","0,","0,00","0,","0,00","340,","2,24","762,08"
002.000.106,CETOPROFENO  50MG/ML IM (PROFENID),,AMP,"0,","0,00","0,","0,00","0,","0,00","0,","1,60","0,00"
002.000.122,CETOPROFENO 100 MG - EV,,AMP,"0,","0,00","52,","170,00","11,","35,36","41,","3,28","134,64"
002.000.082,CETOPROFENO 50 MG,,CP,"1.758,","529,29","720,","201,60","360,","93,75","2.118,","0,30","637,15"
302.008.001,CICLOBENZAPRINA 5MG,,CP,"2.789,","243,59","660,","59,51","990,","88,28","2.459,","0,09","214,82"
008.001.001,CILOSTAZOL 100 MG,,CP,"300,","151,02","120,","63,20","90,","48,01","330,","0,50","166,22"
325.003.001,CIMEGRIPE GTS,,FR,"22,","242,00","0,","0,00","0,","0,00","22,","11,00","242,00"
002.000.012,CIMETIDINA 200MG COMPRIMIDO,,CP,"320,","149,17","0,","0,00","60,","27,97","260,","0,47","121,20"
005.000.100,CINARIZINA 75MG,,CP,"570,","246,61","120,","51,04","180,","77,02","510,","0,43","220,62"
021.001.100,CINTO P/ BOLSA DE OSTOMIA,,UN,"0,","0,00","0,","0,00","0,","0,00","0,","72,48","0,00"
315.001.003,CIPROFLOXACINO + DEXAMETASONA COLIRIO,,FR,"0,","0,00","0,","0,00","0,","0,00","0,","19,50","0,00"
002.000.045,CIPROFLOXACINO 500MG,,CP,"427,","93,56","84,","16,78","165,","34,57","346,","0,22","75,77"
022.001.009,CLARITROMICINA 500 MG,,CP,"100,","215,16","0,","0,00","0,","0,00","100,","2,15","215,16"
301.001.005,"CLINDAMICINA, CLORIDRATO 300 MG",,CP,"64,","199,60","0,","0,00","0,","0,00","64,","3,12","199,60"
005.000.020,"CLOMIPRAMINA, CLORIDRATO 25 MG",,CP,"640,","552,26","300,","287,61","440,","407,82","500,","0,86","432,04"
005.000.022,"CLONAZEPAM 2,5 MG/ ML - GOTAS",,FR,"40,","94,23","10,","22,65","21,","48,59","29,","2,36","68,30"
005.000.015,CLONAZEPAM 2MG,,CP,"4.823,","235,57","960,","46,27","1.200,","58,01","4.583,","0,05","223,82"
005.000.093,"CLONIDINA, CLORIDRATO DE 150MCG/ML",,AMP,"20,","231,91","0,","0,00","0,","0,00","20,","11,60","231,91"
002.000.109,"CLORETO DE POTASSIO 19,1% - 10 ML",,AMP,"21,","10,58","0,","0,00","0,","0,00","21,","0,50","10,58"
002.000.108,CLORETO DE SODIO 20% - 10 ML,,AMP,"21,","13,69","0,","0,00","0,","0,00","21,","0,65","13,69"
005.000.044,CLORPROMAZINA 25MG/5ML INJ,,AMP,"27,","48,01","4,","7,30","2,","3,71","29,","1,78","51,61"
005.000.014,"CLORPROMAZINA, CLORIDRATO 100MG",,CP,"240,","52,52","200,","44,31","0,","0,00","440,","0,22","96,83"
005.000.004,"CLORPROMAZINA, CLORIDRATO 25MG",,CP,"240,","58,88","200,","49,26","0,","0,00","440,","0,25","108,14"
329.001.001,COLAGENO TIPO II + VITAMINAS,,CAP,"30,","0,00","0,","0,00","0,","0,00","30,","0,00","0,00"
324.001.001,"COLCHICINA0,5MG",,CP,"0,","0,00","0,","0,00","0,","0,00","0,","0,44","0,00"
021.001.025,COMPLEXO B CP,,,"370,","21,58","0,","0,00","100,","5,83","270,","0,06","15,75"
002.000.114,COMPLEXO B INJ,,AMP,"0,","0,00","0,","0,00","0,","0,00","0,","1,44","0,00"
311.002.003,CREATINA PROBIOTICA PURA,,,"0,","0,00","0,","0,00","0,","0,00","0,","43,15","0,00"
011.001.004,DECONGEX PLUS GOTAS,,FR,"5,","54,67","0,","0,00","0,","0,00","5,","10,93","54,67"
021.001.071,"DELTAMETRINA 0,2MG/ML",,FR,"8,","55,05","0,","0,00","0,","0,00","8,","6,88","55,05"
021.001.057,"DESLANOSIDEO 0,2 MG/ML- AMP",,AMP,"15,","50,57","0,","0,00","0,","0,00","15,","3,37","50,57"
022.001.006,DESPACILINA - BENZILPENICILINA PROCAINA 300.000UI + BENZILPENICILINA OTASSICA 100.000UI,,AMP,"0,","0,00","0,","0,00","0,","0,00","0,","4,48","0,00"
325.001.002,DESVENLAFAXINA 50MG,,CP,"0,","0,00","0,","0,00","0,","0,00","0,","1,93","0,00"
010.001.005,"DEXAMETASONA 0,5 MG/5ML- ELIXIR",,FR,"22,","75,70","0,","0,00","0,","0,00","22,","3,44","75,70"
002.000.013,DEXAMETASONA 0.1% CREME 10 GR,,TB,"72,","89,13","32,","47,16","33,","48,21","71,","1,24","88,08"
002.000.105,DEXAMETASONA 2MG/ML- AMP,,AMP,"0,","0,00","0,","0,00","0,","0,00","0,","1,20","0,00"
305.002.004,DEXAMETASONA 4 MG,,CP,"340,","145,36","0,","0,00","30,","12,83","310,","0,43","132,53"
002.000.113,DEXAMETASONA 4 MG/ML - AMPOLA,,AMP,"0,","0,00","0,","0,00","0,","0,00","0,","2,20","0,00"
002.000.127,DEXCLORFENIRAMINA + BETAMETASONA SUSP ORAL 120,,FR,"53,","184,93","10,","33,48","10,","33,53","53,","3,49","184,87"
007.000.004,"DEXCLORFENIRAMINA, MALEATO  2MG/5ML - SUSPENSÃO",,FR,"24,","35,14","0,","0,00","2,","2,93","22,","1,46","32,21"
005.000.001,DIAZEPAM 10 MG,,CP,"925,","47,15","500,","24,25","228,","10,43","1.197,","0,05","60,97"
005.000.045,DIAZEPAM 10 MG/ 2ML - AMP,,AMP,"42,","42,21","13,","12,52","7,","6,55","48,","1,00","48,18"
002.000.014,DICLOFENACO 50 MG,,CP,"840,","53,40","0,","0,00","180,","11,44","660,","0,06","41,96"
005.000.091,DIFENIDRAMINA 50 MG/ML - AMP,,AMP,"20,","371,28","0,","0,00","0,","0,00","20,","18,56","371,28"
001.000.003,DIGOXINA 0.25 MG,,CP,"130,","18,37","0,","0,00","60,","8,48","70,","0,14","9,89"
021.001.030,DIOSMINA + HESPERIDINA 450/50 MG,,CP,"3.720,","2.047,26","0,","0,00","1.500,","825,51","2.220,","0,55","1.221,75"
002.000.083,DIPIRONA 500 MG/2 ML - AMP,,AMP,"0,","0,00","0,","0,00","0,","0,00","0,","1,18","0,00"
323.001.001,DIPIRONA SÓDICA COMPRIMIDO 500MG,,CP,"7.900,","1.171,34","4.000,","564,40","2.810,","388,91","9.090,","0,15","1.346,83"
002.000.015,DIPIRONA SÓDICA GOTAS 500 MG / ML 10 ML,,FR,"301,","315,29","0,","0,00","38,","39,80","263,","1,05","275,48"
002.000.116,DIPROSPAN AMP 2 ML,,AMP,"0,","0,00","0,","0,00","0,","0,00","0,","5,14","0,00"
009.000.009,DISPOSITIVO INTRA-UTERINO - DIU,,,"3,","25,14","0,","0,00","0,","0,00","3,","8,38","25,14"
008.001.009,"DOBUTAMINA 12,5MG/ML",,FR,"5,","36,43","0,","0,00","0,","0,00","5,","7,29","36,43"
021.001.073,DOMPERIDONA 10 MG,,CP,"0,","0,00","60,","6,09","0,","0,00","60,","0,10","6,09"
002.000.084,DOPAMINA 5 MG/ ML,,AMP,"30,","82,58","0,","0,00","0,","0,00","30,","2,75","82,58"
328.001.001,DORZOLAMIDA 2%,,FR,"0,","0,00","0,","0,00","0,","0,00","0,","39,90","0,00"
307.001.001,DOXAZOSINA 2 MG,,CP,"930,","105,04","30,","2,88","270,","30,00","690,","0,11","77,92"
021.001.094,DOXAZOSINA MESILATO 4MG,,CP,"210,","28,47","120,","17,41","60,","9,21","270,","0,14","36,67"
011.001.002,DRAMIN  GOTAS,,FR,"40,","425,15","0,","0,00","6,","63,77","34,","10,63","361,37"
002.000.086,DRAMIN B6 DL EV,,AMP,"0,","0,00","0,","0,00","0,","0,00","0,","18,86","0,00"
002.000.144,"DROPROPIZINA 1,5 MG/ML -XAROPE PEDIATRICO",,FR,"17,","152,17","0,","0,00","1,","8,95","16,","8,95","143,22"
021.001.061,DROPROPIZINA 3 MG/ML - XAROPE ADULTO,,FR,"17,","214,87","10,","106,36","5,","44,47","22,","12,58","276,76"
228.001.004,"DULOXETINA, CLORIDRATO 60MG",,CAP,"60,","180,28","0,","0,00","0,","0,00","60,","3,00","180,28"
001.000.016,ENALAPRIL 10MG,,CP,"330,","45,89","0,","0,00","0,","0,00","330,","0,14","45,89"
304.001.003,"ENOXAPARINA SÓDICA 40 MG/0,4ML - CLEXANE",,AMP,"109,","1.831,63","0,","0,00","42,","705,76","67,","16,80","1.125,86"
230.001.003,ENSURE LATA 400G,,TB,"7,","587,40","11,","924,54","15,","1.260,19","3,","83,92","251,76"
002.000.087,EPINEFRINA 1MG/ML,,AMP,"28,","31,29","0,","0,00","0,","0,00","28,","1,12","31,29"
002.000.098,"EPITEZAN POMADA OFTALMICA 3,5 GR",,TB,"0,","0,00","0,","0,00","0,","0,00","0,","0,00","0,00"
325.001.003,ESCITALOPRAM 20MG,,CP,"0,","0,00","0,","0,00","0,","0,00","0,","2,00","0,00"
040.001.001,"ESPIRAMICINA 1,5 MG CP",,CP,"0,","0,00","0,","0,00","0,","0,00","0,","5,19","0,00"
303.003.001,ESPIRONOLACTONA 25 MG,,CP,"725,","131,06","270,","48,55","225,","40,42","770,","0,18","139,19"
009.000.008,ESTRIOL 1MG/G - CR VAGINAL 50 GR,,TB,"11,","130,44","0,","0,00","1,","11,86","10,","11,86","118,58"
001.000.021,ETILEFRINA 10 MG/ML - AMP,,,"6,","9,54","0,","0,00","0,","0,00","6,","1,59","9,54"
005.000.090,ETOMIDATO 2 MG/ML - AMP,,AMP,"14,","162,95","0,","0,00","0,","0,00","14,","11,64","162,95"
325.011.001,FENAZOPIRIDA 200MG - PYRIDIUM,,CP,"0,","0,00","0,","0,00","0,","0,00","0,","1,33","0,00"
005.000.002,FENITOINA 100 MG,,CP,"980,","93,65","0,","0,00","120,","11,47","860,","0,10","82,18"
005.000.047,FENITOINA 50 MG / ML- AMPOLA,,AMP,"44,","87,22","0,","0,00","4,","7,93","40,","1,98","79,29"
005.000.003,FENOBARBITAL 100 MG,,CP,"740,","96,44","0,","0,00","120,","15,64","620,","0,13","80,80"
005.000.046,FENOBARBITAL 200 MG/ ML - AMPOLA,,AMP,"39,","143,70","0,","0,00","0,","0,00","39,","3,68","143,70"
005.000.032,FENOBARBITAL 40 MG/ML - GOTAS,,FR,"21,","72,10","0,","0,00","0,","0,00","21,","3,43","72,10"
005.000.056,"FENTANILA,CITRATO 78,5MCG/5ML EQUIVALENTE A 50MCG",,AMP,"9,","31,31","0,","0,00","0,","0,00","9,","3,48","31,31"
307.001.002,FINASTERIDA 5 MG,,CP,"660,","193,94","240,","63,48","300,","81,35","600,","0,29","176,08"
002.000.060,FLUCONAZOL 150 MG,,CAP,"69,","25,14","0,","0,00","18,","6,56","51,","0,36","18,58"
005.000.060,"FLUMAZENIL 0,1 MG/ 5 ML SOL INJ.",,AMP,"20,","150,28","0,","0,00","0,","0,00","20,","7,51","150,28"
005.000.013,"FLUOXETINA, CLORIDRATO 20 MG",,CAP,"1.860,","128,71","542,","38,64","678,","48,02","1.724,","0,07","119,34"
230.001.011,FOLINATO DE CALCIO 15 MG,,CP,"900,","1.309,77","0,","0,00","500,","727,65","400,","1,46","582,12"
325.005.001,FORXIGA 10MG (DAPAGLIFLOZINA),,CP,"0,","0,00","0,","0,00","0,","0,00","0,","5,73","0,00"
301.002.004,FOSFATO OSELTAMIVIR 30MG - TAMIFLU,,CP,"0,","0,00","120,","343,20","50,","146,10","70,","2,82","197,10"
301.002.003,FOSFATO OSELTAMIVIR 45 MG - TAMIFLU,,CP,"110,","459,80","0,","0,00","60,","250,80","50,","4,18","209,00"
301.002.005,FOSFATO OSELTAMIVIR 75 MG - TAMIFLU,,CP,"0,","0,00","0,","0,00","0,","0,00","0,","3,52","0,00"
021.001.066,FRALDA DESC GERIATRICA - G,,,"374,","498,79","0,","0,00","168,","224,05","206,","1,33","274,73"
021.001.068,FRALDA DESC GERIATRICA - M,,,"200,","266,74","0,","0,00","0,","0,00","200,","1,33","266,74"
021.001.069,FRALDA DESC GERIATRICA - P,,,"100,","157,97","0,","0,00","100,","157,97","0,","1,58","0,00"
320.002.004,FRALDA DESC GERIATRICA - XG,,,"280,","401,90","0,","0,00","46,","66,03","234,","1,44","335,87"
021.001.106,FRALDA DESC GERIATRICA - XXG,,UN,"120,","412,22","0,","0,00","0,","0,00","120,","3,44","412,22"
002.000.019,FUROSEMIDA 40MG,,CP,"1.100,","60,62","640,","37,25","440,","26,16","1.300,","0,06","71,70"
003.000.001,GLIBENCLAMIDA 5 MG.,,CP,"320,","256,30","0,","0,00","0,","0,00","320,","0,80","256,30"
023.001.001,GLICLAZIDA 30 MG,,CP,"590,","137,08","240,","47,52","150,","26,88","680,","0,23","157,73"
003.000.016,GLICLAZIDA 60 MG,,CP,"420,","125,93","120,","34,75","150,","43,79","390,","0,30","116,89"
001.001.001,GLICONATO DE CALCIO 10% - AMP,,AMP,"16,","75,50","0,","0,00","0,","0,00","16,","4,72","75,50"
002.000.103,GLICOSE 50 % - 10 ML,,AMP,"0,","0,00","0,","0,00","0,","0,00","0,","0,65","0,00"
311.002.005,GLUCERNA 400G,,UN,"8,","710,91","0,","0,00","4,","355,46","4,","88,86","355,46"
300.001.005,GOMA NICOTINA 2 MG (NICORETTE),,GM,"1.020,","1.740,80","0,","0,00","0,","0,00","1.020,","1,71","1.740,80"
005.000.030,HALOPERIDOL 2 MG/ 10 ML - GOTAS,,FR,"5,","14,01","0,","0,00","0,","0,00","5,","2,80","14,01"
005.000.036,HALOPERIDOL 5 MG /ML - AMPOLA,,AMP,"27,","48,82","5,","8,76","3,","5,17","29,","1,81","52,40"
005.000.006,HALOPERIDOL 5MG,,CP,"480,","53,14","0,","0,00","150,","16,61","330,","0,11","36,54"
005.000.048,"HALOPERIDOL,DECANOATO 70,52MG/ML",,AMP,"13,","59,89","0,","0,00","0,","0,00","13,","4,61","59,89"
021.001.053,HEPARINA SÓDICA 5.000 UI,,AMP,"15,","98,06","0,","0,00","0,","0,00","15,","6,54","98,06"
001.000.015,HIDRALAZINA 20 MG/ML - AMPOLAS,,AMP,"13,","49,47","0,","0,00","0,","0,00","13,","3,81","49,47"
001.000.025,"HIDRALAZINA 25MG, CLORIDRATO DE",,CP,"300,","110,10","0,","0,00","0,","0,00","300,","0,37","110,10"
001.000.004,HIDROCLOROTIAZIADA 25MG,,CP,"220,","4,26","0,","0,00","0,","0,00","220,","0,02","4,26"
002.000.090,"HIDROCORTISONA, SUCCINATO 100 MG - PÓ P/ SOL. INJ",,FR,"0,","0,00","0,","0,00","0,","0,00","0,","3,46","0,00"
002.000.091,"HIDROCORTISONA, SUCCINATO 500 MG - PÓ P/ SOL. INJ",,FR,"0,","0,00","0,","0,00","0,","0,00","0,","5,77","0,00"
002.000.020,HIDROXIDO DE ALUMINIO 6.2% SUSP,,FR,"19,","60,75","0,","0,00","3,","9,59","16,","3,20","51,16"
002.000.130,IBUPROFENO 100MG/ML -  GOTAS,,FR,"61,","187,91","20,","68,22","7,","27,92","74,","3,08","228,22"
021.001.012,IBUPROFENO 300 MG,,CP,"1.800,","430,97","0,","0,00","380,","90,98","1.420,","0,24","339,99"
050.001.005,IBUPROFENO 50MG/ML - GOTAS,,FR,"88,","183,56","0,","0,00","6,","12,52","82,","2,09","171,05"
005.000.011,IMIPRAMINA 25 MG,,CP,"280,","117,36","80,","35,89","90,","40,01","270,","0,42","113,24"
329.003.001,IMPACT NUTRICAO ORAL E ENTERAL,,UN,"0,","0,00","0,","0,00","0,","0,00","0,","21,60","0,00"
325.004.002,INELATTE 800DKM,,CP,"30,","80,11","0,","0,00","0,","0,00","30,","2,67","80,11"
003.000.006,INSULINA HUMANA NPH 100 UI/ML - CANETA,,TUBET,"118,","1.231,44","50,","582,64","68,","769,06","100,","10,45","1.045,02"
003.000.004,INSULINA HUMANA NPH 100 UI/ML - FRASCO 10 ML,,FR,"10,","110,40","10,","118,04","9,","106,78","11,","11,06","121,67"
003.000.005,INSULINA HUMANA REGULAR 100 UI/ ML - FRASCO 10 ML,,FR,"0,","0,00","0,","0,00","0,","0,00","0,","11,26","0,00"
003.000.007,INSULINA HUMANA REGULAR 100 UI/ML - CANETA,,TUBET,"14,","145,77","15,","164,62","9,","101,84","20,","10,43","208,54"
023.001.002,INSULINA NOVORRAPID FLEX PEN,,,"0,","0,00","0,","0,00","0,","0,00","0,","48,88","0,00"
023.001.003,INSULINA TRESIBA FLEX PEN,,UN,"7,","1.071,20","0,","0,00","0,","0,00","7,","153,03","1.071,20"
002.000.096,"IPRATROPIO,BROMETO 0,25 MG/ML SOLUÇÃO PARA INALAÇÃO 20 ML",,FR,"0,","0,00","0,","0,00","0,","0,00","0,","1,30","0,00"
311.002.006,ISOSOURCE 1.5,,UN,"10,","375,00","0,","0,00","0,","0,00","10,","37,50","375,00"
002.000.119,"ISOSSORBIDA, DINITRATO 5 MG - SUB LINGUAL",,CP,"0,","0,00","0,","0,00","0,","0,00","0,","0,30","0,00"
301.004.001,ITRACONAZOL 100 MG,,CP,"312,","278,19","0,","0,00","50,","44,58","262,","0,89","233,61"
021.001.060,IVERMECTINA 6 MG,,CP,"32,","9,60","16,","6,88","4,","3,12","44,","0,30","13,36"
002.000.115,KOLLAGENASE POMADA,,TB,"0,","0,00","0,","0,00","0,","0,00","0,","10,10","0,00"
021.001.035,LACTULOSE XAROPE 120 ML,,FR,"12,","111,15","12,","54,99","2,","32,27","22,","9,02","198,41"
311.001.022,LEITE APTAMIL AR 800G,,UN,"0,","0,00","0,","0,00","0,","0,00","0,","78,58","0,00"
311.001.012,LEITE APTAMIL PREMIUM 1 - LATA 800G,,UN,"0,","0,00","0,","0,00","0,","0,00","0,","44,33","0,00"
311.001.029,LEITE APTAMIL PRO EXPERT SOJA,,UN,"0,","0,00","0,","0,00","0,","0,00","0,","98,00","0,00"
311.001.004,LEITE NAN COMFOR 1 - LATA 800 G,,FR,"2,","138,39","0,","0,00","0,","0,00","2,","69,20","138,39"
311.001.005,LEITE NAN COMFOR 2 - LATA 800 G,,FR,"0,","0,00","0,","0,00","0,","0,00","0,","78,00","0,00"
311.001.015,LEITE NAN ESPESSAR- LATA 800 G,,FR,"0,","0,00","4,","294,22","4,","294,22","0,","73,22","0,00"
311.001.006,LEITE NAN SUPREME 1- 800G,,UN,"0,","0,00","0,","0,00","0,","0,00","0,","58,22","0,00"
311.001.011,LEITE NESTOGENO 1 - LATA 800G,,FR,"0,","0,00","0,","0,00","0,","0,00","0,","53,64","0,00"
311.001.023,LEITE NINHO FASE I,,UN,"0,","0,00","0,","0,00","0,","0,00","0,","58,64","0,00"
327.001.002,LEVODOPA + BENSERAZIDA 100/25MG - PROLOPA BD,,CP,"0,","0,00","0,","0,00","0,","0,00","0,","1,07","0,00"
327.001.001,LEVODOPA + BENSERAZIDA 200/50MG - PROLOPA,,CP,"420,","981,53","120,","276,22","480,","1.117,55","60,","2,34","140,20"
022.001.002,LEVOFLOXACINO 500 MG,,CP,"156,","110,83","0,","0,00","20,","14,21","136,","0,71","96,62"
005.000.037,LEVOMEPROMAZINA 100 MG,,CP,"250,","158,70","0,","0,00","60,","38,09","190,","0,63","120,61"
005.000.009,LEVOMEPROMAZINA 25MG,,CP,"350,","266,89","0,","0,00","0,","0,00","350,","0,76","266,89"
308.001.002,"LEVONORGESTREL 0,15MG+ETINILESTRADIOL 0,03MG- CICLO 21",,CP,"252,","29,47","126,","27,24","126,","27,03","252,","0,12","29,69"
009.000.001,"LEVONORGESTREL 0,75 MG",,CP,"57,","32,04","0,","0,00","0,","0,00","57,","0,56","32,04"
021.001.032,LEVOTIROXINA SÓDICA 100MCG,,CP,"925,","166,78","0,","0,00","300,","54,09","625,","0,18","112,69"
009.000.011,LEVOTIROXINA SODICA 25 MG,,CP,"615,","154,60","300,","75,36","360,","90,45","555,","0,25","139,51"
021.001.033,LEVOTIROXINA SODICA 50MCG,,CP,"1.630,","294,29","720,","152,57","600,","130,25","1.750,","0,18","316,61"
005.000.053,LIDOCAINA 2% - S/ VASO - SOL. INJETAVEL 20ML,,FR,"0,","0,00","0,","0,00","0,","0,00","0,","5,72","0,00"
325.012.001,"LISDEXANFETAMINA, DIMESILATO DE 30MG - VENVANSE",,CP,"60,","690,86","0,","0,00","0,","0,00","60,","11,51","690,86"
021.001.072,LOPERAMIDA 2 MG,,CP,"208,","41,79","0,","0,00","4,","0,80","204,","0,20","40,99"
010.001.003,LORATADINA 1 MG/ML - XAROPE,,FR,"54,","156,85","28,","90,78","20,","67,19","62,","2,91","180,44"
010.001.004,LORATADINA 10 MG,,CP,"1.634,","133,10","336,","22,78","396,","27,83","1.574,","0,08","128,05"
002.000.067,LOSARTANA POTASSICA 50MG,,CP,"45,","0,00","0,","0,00","0,","0,00","45,","0,00","0,00"
330.001.002,"MEDROXIPROGESTERONA, ACETATO + CIPIONATO DE ESTRADIOL (CYCLOFEMINA)",,AMP,"8,","100,80","0,","0,00","0,","0,00","8,","12,60","100,80"
009.000.005,"MEDROXIPROGESTERONA, ACETATO 150MG/ML (DEPOPROVERA)",,AMP,"16,","97,82","0,","0,00","2,","12,23","14,","6,11","85,60"
003.000.002,"METFORMINA, CLORIDRATO 850MG",,CP,"410,","64,18","0,","0,00","0,","0,00","410,","0,16","64,18"
230.001.012,METILCOBALAMINA 1.000MCG - DOZEMAST - MECOBE,,CP,"70,","207,93","0,","0,00","0,","0,00","70,","2,97","207,93"
001.000.006,METILDOPA 250 MG,,CP,"1.500,","709,08","480,","235,44","540,","263,53","1.440,","0,47","680,98"
011.001.006,METILFENIDATO 10 MG,,CP,"315,","296,88","30,","36,68","90,","92,46","255,","0,95","241,10"
002.000.023,METOCLOPRAMIDA 10 MG,,CP,"120,","6,34","200,","10,58","80,","4,24","240,","0,05","12,68"
008.001.006,METOPROLOL 1 MG/ML - AMPOLA,,AMP,"20,","403,24","0,","0,00","0,","0,00","20,","20,16","403,24"
008.001.007,METOPROLOL 100 MG,,CP,"180,","68,99","0,","0,00","0,","0,00","180,","0,38","68,99"
008.001.008,METOPROLOL 25 MG,,CP,"420,","92,54","0,","0,00","90,","19,83","330,","0,22","72,71"
008.001.005,METOPROLOL 50 MG,,CP,"380,","141,78","120,","44,84","60,","22,45","440,","0,37","164,17"
002.000.024,METRONIDAZOL 100 MG/G - GEL VAGINAL,,TB,"7,","27,10","0,","0,00","2,","7,74","5,","3,87","19,36"
002.000.025,METRONIDAZOL 250 MG,,CP,"190,","32,66","300,","53,88","140,","26,26","350,","0,17","60,28"
002.000.026,METRONIDAZOL 40 MG/ML -  SUSPENSÃO ORAL,,FR,"5,","7,91","0,","0,00","0,","0,00","5,","1,58","7,91"
002.000.059,"MICONAZOL, NITRATO 0,02 MG/G -  80 G CREME VAGINAL",,TB,"13,","72,53","0,","0,00","1,","5,58","12,","5,58","66,95"
005.000.102,"MIDAZOLAM, CLORIDRATO 5MG/ML 10ML",,AMP,"15,","41,55","0,","0,00","0,","0,00","15,","2,77","41,55"
228.001.001,MIRTAZAPINA 15MG,,CP,"0,","0,00","0,","0,00","0,","0,00","0,","0,70","0,00"
005.000.049,MORFINA 10MG/ML INJ,,AMP,"8,","25,13","4,","18,06","2,","11,40","10,","3,18","31,78"
005.000.098,MORFINA 1MG/ML INJ,,AMP,"36,","121,21","5,","16,56","1,","3,11","40,","3,37","134,66"
005.000.059,"NALOXONA, CLORIDRATO DE  0,4 MG/ 1 ML",,AMP,"26,","145,75","0,","0,00","0,","0,00","26,","5,61","145,75"
021.001.023,NALTREXONA 50 MG,,CP,"60,","268,42","0,","0,00","0,","0,00","60,","4,47","268,42"
311.002.002,NEOCATE LCP,,UN,"1,","289,68","0,","0,00","0,","0,00","1,","289,68","289,68"
002.000.027,NEOMICINA + BACITRACINA POMADA,,TB,"38,","82,26","20,","44,00","16,","35,32","42,","2,17","90,94"
001.000.008,NIFEDIPINA 20MG,,CP,"690,","86,03","120,","14,66","240,","29,64","570,","0,12","71,06"
002.000.058,NIMESULIDA 100 MG  CP,,CP,"1.804,","134,98","0,","0,00","648,","48,48","1.156,","0,07","86,49"
002.000.039,NIMESULIDA GTS,,FR,"13,","21,75","0,","0,00","3,","5,02","10,","1,67","16,73"
021.001.058,NISTATINA 100.000 SUSP FRASCO 60 ML,,FR,"7,","34,47","0,","0,00","1,","4,92","6,","4,92","29,55"
002.000.028,NISTATINA POMADA VAG.,,TB,"7,","37,64","10,","60,30","10,","60,15","7,","5,40","37,80"
005.000.025,NITRAZEPAN 5 MG,,CP,"0,","0,00","200,","39,66","0,","0,00","200,","0,20","39,66"
002.000.073,NITROFURANTOINA 100MG CAPSULA,,CP,"574,","302,02","196,","82,63","294,","134,74","476,","0,53","249,92"
005.000.061,NITROGLICERINA 5 MG/ML - TRIDIL,,AMP,"22,","771,87","0,","0,00","0,","0,00","22,","35,08","771,87"
005.000.062,NITROPRUSSETO DE SÓDIO 25 MG/ML - NITROP,,AMP,"19,","330,03","0,","0,00","0,","0,00","19,","17,37","330,03"
005.000.079,NOREPINEFRINA 2MG/4ML - AMP,,AMP,"24,","52,66","6,","13,05","0,","0,00","30,","2,19","65,71"
002.000.048,NORETISTERONA + ESTRADIOL 50 + 5 MG/ML  (MESIGYNA) INJETAVEL,,AMP,"30,","272,90","0,","0,00","4,","36,39","26,","9,10","236,51"
002.000.047,"NORETISTERONA 0,35MG CAIXA COM 35 CPR",,CP,"350,","30,84","0,","0,00","0,","0,00","350,","0,09","30,84"
002.000.140,NORFLOXACINO 400MG,,CP,"126,","31,65","0,","0,00","0,","0,00","126,","0,25","31,65"
304.002.002,NORIPURUM INJ,,AMP,"25,","264,36","0,","0,00","10,","105,74","15,","10,57","158,61"
005.000.028,"NORTRIPTILINA, CLORIDRATO 25 MG",,CAP,"640,","121,86","500,","97,65","210,","42,28","930,","0,19","177,23"
311.001.021,NUTREN SENIOR,,UN,"6,","588,60","0,","0,00","0,","0,00","6,","98,10","588,60"
335.001.001,OFEV - ESILATO DE NINTEDANIBE 100MG,,CAP,"0,","0,00","0,","0,00","0,","0,00","0,","211,09","0,00"
002.000.141,OLEO MINERAL 100 ML,,FR,"11,","34,09","0,","0,00","9,","27,89","2,","3,10","6,20"
001.000.020,OLMESARTANA 40MG,,CP,"0,","0,00","0,","0,00","0,","0,00","0,","1,04","0,00"
012.001.001,OMEPRAZOL 20MG,,CP,"3.784,","223,96","0,","0,00","1.050,","62,14","2.734,","0,06","161,81"
001.001.007,OMEPRAZOL SODICO PO INJETAVEL,,AMP,"8,","52,24","13,","87,24","12,","80,58","9,","6,54","58,90"
306.001.002,ONDANSETRONA 4 MG,,CP,"130,","83,20","0,","0,00","130,","83,20","0,","0,64","0,00"
306.001.003,ONDANSETRONA 4 MG/ 2 ML INJ,,AMP,"0,","0,00","0,","0,00","0,","0,00","0,","2,82","0,00"
012.001.002,ONDANSETRONA 8 MG,,CP,"210,","212,44","60,","40,51","60,","42,69","210,","1,00","210,27"
005.000.080,OXCARBAMAZEPINA 60 MG/ML SUSP ORAL,,FR,"10,","354,52","0,","0,00","3,","106,36","7,","35,45","248,16"
302.004.003,OXCARBAZEPINA 300 MG,,CP,"240,","235,15","240,","231,12","30,","25,62","450,","0,98","440,65"
002.000.094,OXITOCINA 5UI/ML,,AMP,"50,","374,33","0,","0,00","0,","0,00","50,","7,49","374,33"
012.001.004,PANTOPRAZOL 20 MG,,CP,"0,","0,00","0,","0,00","0,","0,00","0,","0,71","0,00"
021.001.074,PANTOPRAZOL 40 MG,,CP,"30,","18,63","0,","0,00","0,","0,00","30,","0,62","18,63"
030.001.007,PARACETAMOL + CODEINA 500/30 MG,,CP,"366,","137,74","432,","166,58","216,","85,19","582,","0,38","219,13"
002.000.043,PARACETAMOL 200 MG/ ML -  FRASCO 15 ML GOTAS,,FR,"65,","65,66","0,","0,00","11,","11,11","54,","1,01","54,55"
002.000.031,PARACETAMOL 500 MG - COMP,,CP,"610,","56,73","400,","40,08","160,","17,65","850,","0,09","79,16"
021.001.063,PARACETAMOL 750 MG,,CP,"530,","69,16","0,","0,00","100,","13,05","430,","0,13","56,11"
005.000.064,PAROXETINA 20 MG,,CP,"0,","0,00","0,","0,00","0,","0,00","0,","0,20","0,00"
303.006.004,PENTOXIFILINA 400 MG,,,"150,","194,87","90,","138,05","60,","97,67","180,","1,31","235,25"
011.001.001,PERMANGANTO DE POTASSIO 100 MG,,CP,"100,","45,18","0,","0,00","0,","0,00","100,","0,45","45,18"
325.014.001,PERMETRINA 5% LOÇÃO,,TB,"9,","47,57","0,","0,00","0,","0,00","9,","5,29","47,57"
005.000.050,PETIDINA 50MG/ML(DOLANTINA),,AMP,"18,","48,75","0,","0,00","0,","0,00","18,","2,71","48,75"
002.000.132,PHOSFOENEMA 130ML,,FR,"18,","100,48","0,","0,00","1,","5,58","17,","5,58","94,90"
002.000.032,POLIVITAMINICO GTS,,FR,"9,","88,83","0,","0,00","1,","9,87","8,","9,87","78,96"
313.001.001,POMADA PARA ASSADURA ( NIST+ OX ZINCO) PMD,,TB,"19,","131,83","10,","69,69","11,","76,62","18,","6,94","124,90"
010.001.002,"PREDNISOLONA 3MG/ML, FOSFATO SODICO DE",,FR,"75,","507,27","20,","132,49","7,","44,70","88,","6,76","595,06"
308.002.001,PREDNISONA 20 MG,,CP,"4.048,","743,16","0,","0,00","720,","132,18","3.328,","0,18","610,98"
007.000.001,PREDNISONA 5 MG - CP,,CP,"440,","33,11","0,","0,00","20,","1,50","420,","0,08","31,60"
325.010.001,PREGABALINA 100MG - PREBICTAL,,CP,"0,","0,00","0,","0,00","0,","0,00","0,","4,93","0,00"
302.004.001,PREGABALINA 75MG - LYRICA,,CP,"365,","120,99","30,","14,89","270,","94,39","125,","0,33","41,49"
021.001.103,PREVDERM SPRAY 50ML,,UN,"0,","0,00","0,","0,00","0,","0,00","0,","68,51","0,00"
005.000.007,PROMETAZINA 25 MG,,CP,"485,","58,99","200,","28,20","160,","23,20","525,","0,12","63,99"
005.000.051,PROMETAZINA 50 MG/ 2ML,,AMP,"37,","69,04","16,","32,80","18,","36,43","35,","1,87","65,40"
021.001.067,PROPOFOL 10 MG/ML -AMP,,AMP,"5,","274,78","0,","0,00","0,","0,00","5,","54,96","274,78"
001.000.011,PROPRANOLOL 40MG,,CP,"770,","23,03","0,","0,00","220,","6,58","550,","0,03","16,45"
325.009.001,QUETIAPINA 100MG,,CP,"0,","0,00","0,","0,00","0,","0,00","0,","2,66","0,00"
325.009.002,QUETIAPINA 25 MG,,CP,"0,","0,00","0,","0,00","0,","0,00","0,","1,17","0,00"
002.000.099,RIFOCINA SPRAY,,FR,"0,","0,00","0,","0,00","0,","0,00","0,","7,91","0,00"
228.001.007,RISPERIDONA 1 MG/ML SOLUÇÃO,,UN,"11,","126,53","0,","0,00","5,","57,51","6,","11,50","69,02"
005.000.016,RISPERIDONA 1MG,,CP,"0,","0,00","0,","0,00","0,","0,00","0,","0,24","0,00"
055.001.002,RIVAROXABANA 10 MG (XARELTO),,CP,"30,","57,35","0,","0,00","30,","57,35","0,","1,91","0,00"
303.007.005,RIVAROXABANA 15 MG (XARELTO),,CP,"0,","0,00","0,","0,00","0,","0,00","0,","1,62","0,00"
055.001.001,RIVAROXABANA 20MG (XARELTO),,CP,"60,","87,93","0,","0,00","0,","0,00","60,","1,47","87,93"
302.008.002,ROCURÔNIO 50 MG/ 5 ML - IV,,AMP,"24,","1.678,25","0,","0,00","0,","0,00","24,","69,93","1.678,25"
325.017.001,ROSUVASTATINA 10MG + EZETIMIBA 10MG,,CP,"30,","114,60","0,","0,00","30,","114,60","0,","3,82","0,00"
002.000.033,SAIS P/REIDRATAÇÃO ORAL,,EV,"268,","331,03","111,","165,73","64,","106,83","315,","1,24","389,93"
305.002.007,SALBUTAMOL GOTAS,,UN,"0,","0,00","0,","0,00","0,","0,00","0,","21,33","0,00"
007.000.002,"SALBUTAMOL, SULFATO 100 MCG/ DOSE -  AEROSOL",,FR,"22,","291,85","10,","133,35","8,","106,79","24,","13,27","318,41"
005.000.033,SERTRALINA 50MG,,CP,"5.010,","537,12","1.200,","126,72","1.780,","188,96","4.430,","0,11","474,88"
002.000.056,SIMETICONA GTS,,FR,"62,","105,97","0,","0,00","12,","20,51","50,","1,71","85,46"
222.001.002,SINVASTATINA 10MG,,CP,"900,","55,80","0,","0,00","0,","0,00","900,","0,06","55,80"
222.001.001,SINVASTATINA 20MG,,CP,"735,","87,03","0,","0,00","0,","0,00","735,","0,12","87,03"
321.001.230,SORO MANITOL 250ML,,UN,"3,","26,70","0,","0,00","2,","17,80","1,","8,90","8,90"
021.001.095,SORO NASAL INFANTIL/ADULTO -30 ML,,FR,"54,","191,74","0,","0,00","1,","3,55","53,","3,55","188,19"
021.001.104,STOMAHESIVE PASTA PROTETORA P/ ESTOMIA,,UN,"0,","0,00","0,","0,00","0,","0,00","0,","84,05","0,00"
009.000.002,"SULFADIAZINA DE PRATA 0,01",,TB,"0,","0,00","0,","0,00","0,","0,00","0,","25,01","0,00"
002.000.036,SULFAM. + TRIMETROP. 40 + 8 MG/ML - SUSPENSÃO ORAL 100 ML,,FR,"15,","65,13","0,","0,00","2,","8,68","13,","4,34","56,45"
002.000.035,SULFAMET. +TRIMETOPRIMA  400 + 80MG,,CP,"180,","18,55","200,","24,08","60,","9,37","320,","0,10","33,27"
008.001.003,SULFATO DE MAGNESIO 10%,,AMP,"15,","19,54","0,","0,00","0,","0,00","15,","1,30","19,54"
002.000.037,SULFATO FERROSO 25 MG/ML - GOTAS,,FR,"17,","14,61","0,","0,00","1,","0,86","16,","0,86","13,75"
002.000.046,SULFATO FERROSO 40 MG,,CP,"843,","31,69","0,","0,00","250,","9,40","593,","0,04","22,29"
002.000.038,SUPLEMENTO VITAMINICO A-Z,,CP,"755,","96,26","0,","0,00","475,","60,56","280,","0,13","35,70"
230.001.018,SUSTAGEN ADULTOS+,,UN,"2,","136,00","0,","0,00","2,","136,00","0,","68,00","0,00"
005.000.055,SUXAMETONIO 100MG SUSP INJ,,FR,"14,","212,18","0,","0,00","0,","0,00","14,","15,16","212,18"
321.001.457,TALA METALICA,,,"30,","57,00","0,","0,00","0,","0,00","30,","1,90","57,00"
002.000.095,"TERBUTALINA 0,5MG/ML",,AMP,"14,","19,18","0,","0,00","0,","0,00","14,","1,37","19,18"
008.001.010,TESTE DE TROPONINA CARDIACA,,EV,"29,","250,85","0,","0,00","2,","17,30","27,","8,65","233,55"
321.002.001,TESTE RAPIDO COMBO (COVID-19/ INFLUENZA A/B),,UN,"58,","1.145,50","0,","0,00","0,","0,00","58,","19,75","1.145,50"
001.001.006,TESTE RAPIDO DE GRAVIDEZ,,EV,"6,","5,74","9,","8,65","6,","5,78","9,","0,96","8,61"
308.003.001,TIAMAZOL 5MG,,CP,"200,","50,00","0,","0,00","0,","0,00","200,","0,25","50,00"
006.000.002,TIAMINA 300 MG - CP,,CP,"1.000,","217,44","0,","0,00","150,","32,62","850,","0,22","184,82"
308.001.001,"TIBOLONA 1,25MG",,CP,"285,","384,13","0,","0,00","35,","47,17","250,","1,35","336,96"
315.001.002,"TOBRAMICINA 0,3 % COLIRIO - FRASCO 5 ML",,FR,"14,","83,90","10,","52,93","7,","35,39","17,","5,97","101,44"
021.001.090,TRAMADOL 50MG,,CP,"38,","6,78","0,","0,00","38,","6,78","0,","0,18","0,00"
005.000.052,TRAMADOL 50MG/ML(TRAMAL)- AMP,,AMP,"49,","89,81","80,","128,00","45,","64,38","84,","1,83","153,43"
325.001.001,"TRAZODONA, CLORIDRATO 50MG",,CP,"0,","0,00","0,","0,00","0,","0,00","0,","0,92","0,00"
005.000.021,VALPROATO DE SÓDIO 50 MG/ML - XPE,,FR,"24,","129,66","0,","0,00","0,","0,00","24,","5,40","129,66"
304.001.004,VARFARINA SODICA 5MG - MAREVAN,,CP,"420,","52,20","0,","0,00","30,","3,73","390,","0,12","48,47"
005.000.068,VENLAFAXINA 75 MG,,CP,"390,","202,43","0,","0,00","120,","62,29","270,","0,52","140,15"
302.004.006,VICOG 5MG - VIMPOCETINA,,CP,"0,","0,00","0,","0,00","0,","0,00","0,","0,89","0,00"
311.001.002,VITAMINA D 200 UI - GOTAS,,FR,"0,","0,00","0,","0,00","0,","0,00","0,","29,90","0,00"
230.001.017,VITAMINA D 2000UI,,CP,"0,","0,00","0,","0,00","0,","0,00","0,","0,74","0,00"
230.001.007,VITAMINA D 50.000 UI,,CP,"0,","0,00","0,","0,00","0,","0,00","0,","6,24","0,00"
230.001.001,VITAMINA D3 7.000 UI,,CP,"550,","128,00","0,","0,00","180,","41,89","370,","0,23","86,11"
325.004.003,VITAMINA E,,CP,"0,","0,00","0,","0,00","0,","0,00","0,","0,65","0,00"